Tên kênh,2012-03,2012-04,2012-05,2012-06,2012-07,2012-08,2012-09,2012-10,2012-11,2012-12,2013-01,2013-02,2013-03,2013-04,2013-05,2013-06,2013-07,2013-08,2013-09,2013-10,2013-11,2013-12,2014-01,2014-02,2014-03,2014-04,2014-05,2014-06,2014-07,2014-08,2014-09,2014-10,2014-11,2014-12,2015-01,2015-02,2015-03,2015-04,2015-05,2015-06,2015-07,2015-08,2015-09,2015-10,2015-11,2015-12,2016-01,2016-02,2016-03,2016-04,2016-05,2016-06,2016-07,2016-08,2016-09,2016-10,2016-11,2016-12,2017-01,2017-02,2017-03,2017-04,2017-05,2017-06,2017-07,2017-08,2017-09,2017-10,2017-11,2017-12,2018-01,2018-02,2018-03,2018-04,2018-05,2018-06,2018-07,2018-08,2018-09,2018-10,2018-11,2018-12,2019-01,2019-02,2019-03,2019-04,2019-05,2019-06,2019-07,2019-08,2019-09,2019-10,2019-11,2019-12,2020-01,2020-02,2020-03,2020-04,2020-05,2020-06,2020-07,2020-08,2020-09,2020-10,2020-11,2020-12,2021-01,2021-02,2021-03,2021-04,2021-05,2021-06,2021-07,2021-08,2021-09,2021-10,2021-11,2021-12,2022-01,2022-02,2022-03,2022-04,2022-05,2022-06,2022-07,2022-08,2022-09,2022-10,2022-11,2022-12,2023-01,2023-02,2023-03,2023-04,2023-05,2023-06,2023-07,2023-08,2023-09,2023-10,2023-11,2023-12,2024-01,2024-02,2024-03,2024-04,2024-05,2024-06,2024-07,2024-08,2024-09,2024-10,2024-11,2024-12,2025-01
AMEE,0.0,0.0,0.0,0.0,0.0,0.0,0.0,0.0,0.0,0.0,0.0,0.0,0.0,0.0,0.0,0.0,0.0,0.0,0.0,0.0,0.0,0.0,0.0,0.0,0.0,0.0,0.0,0.0,0.0,0.0,0.0,0.0,0.0,0.0,0.0,0.0,0.0,0.0,0.0,0.0,0.0,0.0,0.0,0.0,0.0,0.0,0.0,0.0,0.0,0.0,0.0,0.0,0.0,0.0,0.0,0.0,0.0,0.0,0.0,0.0,0.0,0.0,0.0,0.0,0.0,0.0,0.0,0.0,0.0,0.0,0.0,0.0,0.0,0.0,0.0,0.0,0.0,0.0,0.0,0.0,0.0,0.0,0.0,0.0,0.0,0.0,0.0,0.0,0.0,0.0,0.0,0.0,0.0,0.0,0.0,0.0,0.0,0.0,10391.005932902379,18792.605844494195,26807.598173291262,34448.63590376079,41728.21625783312,48658.670831111755,55252.156188705005,61520.64493428266,67475.91726459979,73129.5530203269,78492.92424259188,83577.18824317453,88393.28119481016,92951.91224655542,97263.55816765812,101338.45852185464,105186.61137250428,108817.76951746219,112241.43725110016,115466.86764941142,118503.06037269052,121358.75997886599,124042.45473918808,126562.37594664493,128926.49770619818,131142.53719470446,133217.9553772236,135159.95816531283,136975.4980018745,138671.2758561677,140253.74361170924,141729.10682899074,143103.32786421606,144382.12932463107,145570.99784046927,146675.1881330775,147699.7273584154,148649.4197048428,149528.8512239161,150342.39487281404,151094.21574699704,151788.27648177717,152428.3428016306,153017.9891963223,153560.60470322962,154059.39877564204,154517.4072172804,154937.4981638084,155322.37809270664,155674.59784353172,155996.55863129333,156290.51803643728,156558.59595572474,156802.7804991362,157024.93381880035,157226.79785684648,159000.0
BÍCH PHƯƠNG,0.0,0.0,0.0,0.0,0.0,0.0,0.0,0.0,0.0,0.0,0.0,0.0,0.0,0.0,0.0,0.0,0.0,0.0,0.0,0.0,0.0,0.0,0.0,0.0,0.0,0.0,0.0,0.0,0.0,0.0,0.0,0.0,0.0,84659.07923926334,144612.9921502388,203281.11298530712,260682.7219916924,316837.001847303,371763.0341606301,425479.79603593587,478006.1567049296,529360.8742260796,579562.592252676,628629.8368707078,676581.0135075825,723434.4039126637,769208.1632105656,813920.3170280876,857588.7586956371,900231.2465239328,941865.4011567339,982508.703000301,1022178.4897302357,1060891.953876301,1098666.14048578,1135517.9448658698,1171464.1104055727,1206521.2264774784,1240705.726419799,1274033.8855989547,1306521.8195529634,1338185.4822158345,1369040.6642231215,1399102.9912987242,1428387.922723,1456910.7498821772,1484686.5948990185,1511730.4093446324,1538056.973031285,1563680.892886004,1588616.6019047266,1612878.3581866943,1636480.2440487398,1659436.1652190755,1681759.8501101367,1703464.8491699817,1724564.5343117304,1745072.0984204332,1765000.5549367594,1784362.7375168265,1803171.2997674537,1821438.7150560806,1839177.27639455,1856399.096395914,1873116.1073033786,1889340.061090465,1905082.5296314328,1920354.904940961,1935168.399482058,1949534.0465411295,1963462.7006691082,1976965.0381874999,1990051.5577581888,2002732.5810158006,2015018.2532613953,2026918.5442162422,2038443.2488343841,2049601.9881726976,2060404.2103171085,2070859.191363614,2080976.0364527353,2090763.680856002,2100230.8911130624,2109386.266217978,2118238.2388532646,2126795.0766702094,2135064.883613993,2143055.601292131,2150775.010384732,2158230.7320950697,2165430.2296389523,2172380.8097713687,2179089.6243488896,2185563.6719262865,2191809.799385846,2197834.703597842,2203644.9331106353,2209246.8898688774,2214646.8309582784,2219850.870375433,2224864.980821182,2229694.9955159966,2234346.610035897,2238825.384167405,2243136.7437800504,2247285.9827149785,2251278.2646881863,2255118.625206959,2258811.973498079,2262363.0944464,2265776.650542403,2269057.1838373453,2272209.117904674,2275236.7598063545,2278144.302062816,2280935.824625217,2283615.296848779,2286186.579465934,2288653.426558087,2291019.487524787,2293288.3090491574,2295463.3370584412,2297547.9186785566,2299545.304181573,2301458.6489250734,2303291.0152823585,2305045.3745625135,2306724.6089193695,2308331.5132484264,2309868.7970708315,2311339.086403548,2312744.925614869,2314088.779264471,2315373.03392722,2340000.0
Chi Pu Official,0.0,0.0,0.0,0.0,0.0,0.0,0.0,0.0,0.0,0.0,0.0,0.0,0.0,0.0,0.0,0.0,48190.8581153995,81153.24967068662,113495.35511239077,145225.32040533988,176351.2558680622,206881.23502632848,236823.29348514718,266185.42781951796,294975.5944842384,323201.70874305116,350871.6436174071,377993.22885511565,404574.2499191354,430622.4469967581,456145.51402942225,481151.09776338516,505646.79682147107,529640.1607961081,553138.6893638433,576149.8314215324,598680.984244376,620739.4926659674,642332.6482805151,663467.6886673716,684151.7966380183,704392.0995056166,724195.6683772414,743569.5174689039,762520.6034434417,781055.8247713652,799182.0211147253,816905.9727340551,834234.3999184362,851173.9624387199,867731.259023931,883912.8268608582,899725.141116843,915174.614485747,930267.5967570804,945010.3744082614,959409.1702199585,973470.1429144675,987199.3868170503,1000602.9315401694,1013686.7416905236,1026456.7165987926,1038918.6900719802,1051078.430168242,1062941.6389940649,1074513.9525236653,1085800.9404404517,1096808.1060004001,1107540.885917168,1118004.6502687775,1128204.7024256699,1138146.278999945,1147834.5498155775,1157274.6178993918,1166471.5194925761,1175430.224082506,1184155.6344546312,1192652.5867641852,1200925.8506274528,1208980.1292323412,1216820.0594679732,1224450.2120730318,1231875.0918025656,1239099.1376129633,1246126.722864797,1252962.1555432298,1259609.6784956732,1266073.4696863776,1272357.6424676313,1278466.24586724,1284403.2648919479,1290172.6208464669,1295778.1716677623,1301223.7122742564,1306512.974929585,1311649.6296205563,1316637.2844489575,1321479.486036829,1326179.719944858,1330741.4111035073,1335167.924256513,1339462.5644163785,1343628.57733148,1347669.1499644148,1351587.4109812044,1355386.4312509752,1359069.2243557342,1362638.7471098544,1366097.9000888898,1369449.5281673344,1372696.4210649417,1375841.3139012228,1378886.8877577398,1381835.7702478126,1384690.5360932597,1387453.707707793,1390127.7557866892,1392715.0999023635,1395218.1091054687,1397639.1025311528,1399980.3500101033,1402244.0726840144,1404432.4436251123,1406547.5884593795,1408591.5859931256,1410566.468842545,1412474.2240659192,1414316.7937981174,1416096.0758870502,1417813.924531752,1419472.150921745,1421072.5238773741,1422616.770490778,1424106.5767671904,1425543.5882662528,1426929.410743036,1428265.6107884718,1429553.7164688949,1430795.217964415,1431991.5682058262,1433144.1835097857,1434254.4442119866,1435323.695298061,1436353.247031958,1437344.375581542,1438298.323641169,1439216.3010510008,1440099.4854128293,1440949.0227021796,1441766.027876481,1442551.5854790893,1443306.750238961,1444032.5476657778,1444729.9746403333,1460000.0
Dương Domic,0.0,0.0,0.0,0.0,0.0,0.0,0.0,0.0,0.0,0.0,0.0,0.0,0.0,0.0,0.0,0.0,0.0,0.0,0.0,0.0,0.0,0.0,0.0,0.0,0.0,0.0,0.0,0.0,0.0,0.0,0.0,0.0,0.0,0.0,0.0,0.0,0.0,0.0,0.0,0.0,0.0,0.0,0.0,0.0,0.0,0.0,0.0,0.0,0.0,0.0,0.0,0.0,0.0,0.0,0.0,0.0,0.0,0.0,0.0,0.0,0.0,0.0,0.0,0.0,0.0,0.0,0.0,0.0,0.0,0.0,0.0,0.0,0.0,0.0,0.0,0.0,0.0,0.0,0.0,0.0,0.0,0.0,0.0,0.0,0.0,0.0,0.0,0.0,0.0,0.0,0.0,0.0,0.0,0.0,0.0,0.0,0.0,0.0,0.0,0.0,0.0,0.0,0.0,0.0,0.0,0.0,0.0,0.0,0.0,0.0,0.0,0.0,0.0,0.0,0.0,0.0,0.0,0.0,0.0,0.0,0.0,0.0,0.0,0.0,0.0,0.0,0.0,0.0,0.0,25486.496812854348,46671.84949791283,65711.24750657313,82764.99423848014,97987.94101533825,111528.98921667994,123530.66335678923,134128.75689787065,143452.05158974527,151622.11012028978,158753.140873331,164951.93264141885,170317.85624877963,174942.92922251867,178911.93892376535,182302.61892865945,185185.87294295972,187626.0401516922,189681.195651499,191403.47948965477,192839.44783812374,194030.4399582443,195012.95485322556,195819.03185037852,196476.62978924758,199000.0
ERIK Official,0.0,0.0,0.0,0.0,0.0,0.0,0.0,0.0,0.0,0.0,0.0,0.0,0.0,0.0,0.0,0.0,0.0,0.0,0.0,0.0,0.0,0.0,0.0,0.0,0.0,0.0,0.0,0.0,0.0,0.0,0.0,0.0,0.0,0.0,0.0,0.0,0.0,0.0,0.0,0.0,0.0,0.0,0.0,0.0,0.0,0.0,0.0,0.0,0.0,0.0,0.0,0.0,0.0,0.0,0.0,0.0,0.0,0.0,0.0,0.0,0.0,0.0,80052.6747813604,140276.0671454612,198803.93179855883,255669.80301691347,310906.98408672615,364548.53700111946,416627.272420319,467175.73990090634,516226.2183997315,563810.707057766,609960.9162688908,654708.2590382941,698083.8426348394,740118.4605414569,780842.5847072732,820286.3581048741,858479.5875957672,895451.7371067619,931231.9211196657,965848.898476336,999331.0665008033,1031706.4554398196,1063002.7232228613,1093247.150542253,1122466.63625375,1150687.6930975653,1177936.4437394883,1204238.6171313988,1229619.5451901543,1254104.1597934752,1277716.9900911401,1300482.1601294656,1322423.3867867235,1343563.9780168368,1363926.8313983781,1383534.4329855884,1402408.8564578425,1420571.762563679,1438044.3988552494,1454847.599708741,1471001.7866260805,1486526.9688129437,1501442.7440278665,1515768.299696994,1529522.4142887814,1542723.4589427363,1555389.3993460804,1567537.7978520074,1579185.815833024,1590350.2162626872,1601047.3665188756,1611293.2414015853,1621103.4263580944,1630493.1209082068,1639477.142262172,1648069.9291237642,1656285.5456709194,1664137.6857062343,1671639.6769695731,1678804.485604964,1685644.7207739253,1692172.6394073297,1698400.1510878918,1704338.8230553581,1709999.8853264886,1715394.2359219212,1720532.4461920569,1725424.766234126,1730081.1303926583,1734511.1628356392,1738724.1831987014,1742729.2122897962,1746534.9778468688,1750149.9203411809,1753582.1988190224,1756839.696774688,1759930.028047722,1762860.5427375694,1765638.3331289317,1768270.2396212697,1770762.8566560636,1773122.5386356125,1775355.4058273279,1777467.3502476593,1779464.0415199776,1781350.9327009364,1783133.2660700215,1784816.0788772108,1786404.2090438597,1787902.3008121438,1789314.810338595,1790646.011227482,1810000.0
HIEUTHUHAI,0.0,0.0,0.0,0.0,0.0,0.0,0.0,0.0,0.0,0.0,0.0,0.0,0.0,0.0,0.0,0.0,0.0,0.0,0.0,0.0,0.0,0.0,0.0,0.0,0.0,0.0,0.0,0.0,0.0,0.0,0.0,0.0,0.0,0.0,0.0,0.0,0.0,0.0,0.0,0.0,0.0,0.0,0.0,0.0,0.0,0.0,0.0,0.0,0.0,0.0,0.0,0.0,0.0,0.0,0.0,0.0,0.0,0.0,0.0,0.0,0.0,0.0,0.0,0.0,0.0,0.0,0.0,0.0,0.0,0.0,0.0,0.0,0.0,0.0,0.0,0.0,0.0,0.0,0.0,0.0,0.0,0.0,0.0,0.0,0.0,0.0,0.0,0.0,0.0,0.0,0.0,0.0,0.0,0.0,0.0,0.0,0.0,0.0,0.0,0.0,0.0,0.0,0.0,0.0,0.0,74357.22956708673,135199.5680406142,192848.36913964307,247423.3790972583,299042.61124571034,347822.22695244785,393876.42313624057,437317.3265680112,478254.89513555495,516796.82622516976,553048.4723464588,587112.7640993537,619090.1405548622,649078.4870933411,677173.0807163343,703466.5428204078,728048.7993940269,751007.0485715938,772425.7354523559,792386.5340662071,810968.3363435646,828247.2479226112,844296.5906044362,859186.91124505,872985.9968530412,885758.8956428721,897567.9437765778,908472.7975110152,918530.4704538898,927795.3756196157,936319.371965692,944151.8150817523,951339.6116967561,957927.2776649942,963956.99908862,969468.6962333259,974500.089894488,979086.7698735832,983262.2652288814,987058.1159702484,990503.9458753151,993627.5361131435,996454.8993718002,999010.3541977856,1001316.5992679694,1003394.7873284309,1005264.5985492596,1006944.3130598111,1008450.8824450229,1020000.0
Hoàng Thùy Linh,0.0,0.0,0.0,0.0,0.0,0.0,0.0,0.0,0.0,0.0,0.0,0.0,0.0,49764.52789252009,83597.81762491587,116807.91097867883,149402.8166062143,181390.50893309576,212778.92707702413,243575.97378377622,273789.51438041724,303427.3757460446,332497.3453003255,361007.1700100748,388964.55541412113,416377.1646666936,443252.6175995557,469598.48980310326,495422.311726636,520731.56779800315,545533.6955628115,569836.0848433787,593646.0769176072,616970.9637179355,639817.9870505269,662194.3378348375,684107.1553636969,705563.5265840288,726570.4853983285,747135.011986999,767264.0321516457,786964.416679416,806242.9807284565,825106.483234563,843561.6263390691,861615.0548380308,879273.3556527393,896543.0573215918,913430.6295133327,929942.4825616832,946084.9670213473,961864.3732453869,977286.930983947,992358.8090042919,1007086.1147321234,1021474.8939141169,1035531.1303016272,1049260.7453554873,1062669.5979718256,1075763.4842288066,1088548.1371542083,1101029.2265137194,1113212.3586198466,1125103.0761613033,1136706.8580527508,1148029.119304746,1159075.2109137452,1169850.4197720075,1180359.968597224,1190609.0158817046,1200602.6558609325,1210345.9185012956,1219843.7695067984,1229101.1103445399,1238122.7782887525,1246913.5464831707,1255478.1240215036,1263821.1560457796,1271947.2238623118,1279860.8450750422,1287566.4737360037,1295068.5005126407,1302371.2528717213,1309478.995279562,1316395.929418291,1323126.1944178655,1329673.8671035464,1336042.9622585438,1342237.4329015287,1348261.1705787089,1354118.0056701591,1359811.7077100957,1365345.985720776,1370724.4885597043,1375950.8052798249,1381028.4655023671,1385960.939802022,1390751.640104113,1395403.9200934297,1399921.0756343843,1404306.3452021556,1408562.91032448,1412693.8960337427,1416702.3713290335,1420591.3496478181,1424363.7893468793,1428022.5941921857,1431570.6138573391,1435010.6444302578,1438345.4289277443,1441577.6578175975,1444709.96954792,1447744.95108328,1450685.13844738,1453533.0172718922,1456291.023351122,1458961.5432021548,1461546.9146301555,1464049.42729848,1466471.3233032667,1468814.7977521806,1471081.9993469776,1473275.0309695657,1475395.9502712418,1477446.7702647813,1479429.459919072,1481345.9447559696,1483198.107449077,1484987.7884241352,1486716.7864607289,1488386.8592950068,1489999.724223132,1491557.0587051623,1493060.500969091,1494511.6506147587,1495912.0692173704,1497263.2809303429,1498566.7730872245,1499823.996802424,1501036.367570502,1502205.265863767,1503332.0377279457,1504417.9953756838,1505464.417777647,1506472.551250999,1507443.6100450358,1508378.7769237647,1509279.2037452173,1510146.012037297,1510980.2935699667,1511783.110923582,1512555.4980531952,1513298.4608486425,1514012.9776902513,1530000.0
Hòa Minzy,0.0,0.0,0.0,0.0,0.0,0.0,0.0,0.0,0.0,0.0,0.0,0.0,0.0,0.0,0.0,0.0,0.0,0.0,0.0,0.0,0.0,0.0,0.0,0.0,0.0,0.0,0.0,0.0,0.0,0.0,0.0,0.0,63664.272743112866,108657.17433217606,152693.005947499,195785.99998997123,237950.3174919811,279200.0455744512,319549.19495086937,359011.697479175,397601.40376231953,435332.0807983004,472217.40968043153,508270.98334858357,543506.3043920979,577936.7829050414,611575.7343944461,644436.3777421298,676531.8332206792,707875.1205641262,738479.1570938266,768356.7559000084,797520.6240794258,825983.3610295204,853757.4567994535,880855.2904983398,907289.1287609785,933071.1242713393,958213.3143440254,982727.6195639048,1006625.842484054,1029919.6663821384,1052620.6540753022,1074740.2467936107,1096289.7631120607,1117280.397941121,1137723.2215757428,1157629.1788027466,1177009.08806644,1195873.6406923078,1214233.4001685616,1232098.8014853154,1249480.150531115,1266387.6235465058,1282831.2666343118,1298820.995326242,1314366.5942054242,1329477.7165844238,1344163.8842382852,1358434.4871920855,1372298.7835624772,1385765.8994526574,1398844.828900169,1411544.4338769189,1423873.4443407638,1435840.458337991,1447453.9421559914,1458722.2305253954,1469653.5268709261,1480255.9036101843,1490537.3024995716,1500505.5350265263,1510168.2828472236,1519533.0982688805,1528607.4047757713,1537398.497598056,1545913.5443224863,1554159.5855440593,1562143.5355576505,1569872.1830886577,1577352.192061661,1584590.1024061039,1591592.33089797,1598365.1720364357,1604914.7989544552,1611247.264362229,1617368.5015225043,1623284.3252566308,1629000.432980311,1634522.405767959,1639855.709444582,1645005.6957041067,1649977.6032530486,1654776.5589784384,1659407.5791389076,1663875.5705778403,1668185.3319574986,1672341.5550130273,1676348.8258252512,1680211.6261111766,1683934.3345311186,1687521.2280113758,1690976.483081385,1694304.1772242924,1697508.2902398845,1700592.7056188388,1703561.2119272507,1706417.5042004173,1709165.1853448597,1711807.7675475816,1714348.6736915763,1716791.238776603,1719138.7113442696,1721394.2549064783,1723560.949376296,1725641.7925003355,1727639.7012917488,1729557.5134629468,1731397.9888571824,1733163.81087815,1734857.5879167696,1736481.8547743522,1738039.074081351,1739531.6377109322,1740961.8681866145,1742332.0200832488,1743644.2814206304,1744900.7750490562,1746103.5600261637,1747254.6329844063,1748355.9294885453,1749409.325382557,1750416.638125382,1751379.6281149567,1770000.0
Hương Tràm Charmy pham,0.0,0.0,0.0,0.0,0.0,0.0,0.0,0.0,0.0,0.0,0.0,0.0,0.0,0.0,0.0,0.0,0.0,0.0,0.0,0.0,0.0,0.0,0.0,0.0,0.0,0.0,0.0,0.0,0.0,0.0,0.0,0.0,0.0,0.0,0.0,0.0,0.0,0.0,0.0,0.0,0.0,0.0,0.0,0.0,0.0,0.0,0.0,0.0,0.0,0.0,0.0,0.0,0.0,0.0,0.0,38472.42136605015,66994.40585505168,94769.74816342819,121812.15983267102,148135.26550353627,173752.59925424703,198677.60102460397,222923.6131278239,246503.87685184713,269431.5291517723,291719.5994349883,313381.0064404898,334428.55521377525,354874.93417863245,374732.71230702964,394014.33638823754,412732.1283982112,430898.28297017154,448524.8649672261,465623.8071577755,482206.90799435566,498285.8294964664,513872.0952378451,528977.0884385353,543612.0501620192,557788.077617567,571516.122567873,584806.9898419416,597671.3359530946,610119.6678218737,622162.3416035126,633809.5616195635,645071.379393168,655957.6927873634,666478.2452457317,676642.6251346027,686460.2651859361,695940.4420399168,705092.2758862168,713924.7302027886,722446.6115909722,730666.5697056233,738593.0972788854,746234.5302361567,753599.0479027259,760694.6732994871,767529.2735260626,774110.5602296088,780446.0901575093,786543.2657921029,792409.3360655316,798051.3971527446,803476.393340636,808691.1179712501,813702.214456939,818516.1773653167,823139.3535718092,827577.9434775732,831838.0022905106,835925.4413670851,839846.0296126185,843605.3949377167,847209.0257684593,850662.2726079709,853970.349646971,857138.3364209009,860171.1795112067,863073.6942883624,865850.5666942127,868506.3550612173,871045.4919661867,873472.2861161043,875790.9242636492,878005.4731500337,880119.8814728103,882137.981876297,884063.4929623179,885900.0213189627,887651.0635651104,889320.0084084885,890910.1387150713,892424.6335876614,893866.5704515363,895238.9271450774,896544.5840133481,897786.3260026318,898966.8447539816,900088.7406938872,901154.5251202164,902166.6222816312,903127.3714487437,904039.0289753216,904903.770347914,905723.692222323,906500.8144454064,907237.0820607514,907934.3672968235,908594.471536251,909219.1272649684,919000.0
J97,0.0,0.0,0.0,0.0,0.0,0.0,0.0,0.0,0.0,0.0,0.0,0.0,0.0,0.0,0.0,0.0,0.0,0.0,0.0,0.0,0.0,0.0,0.0,0.0,0.0,0.0,0.0,0.0,0.0,0.0,0.0,0.0,0.0,0.0,0.0,0.0,0.0,0.0,0.0,0.0,0.0,0.0,0.0,0.0,0.0,0.0,0.0,0.0,0.0,0.0,0.0,0.0,0.0,0.0,0.0,0.0,0.0,0.0,0.0,0.0,0.0,0.0,0.0,0.0,0.0,0.0,0.0,0.0,0.0,0.0,0.0,0.0,0.0,0.0,0.0,0.0,0.0,0.0,0.0,0.0,0.0,0.0,0.0,0.0,0.0,0.0,0.0,0.0,0.0,0.0,0.0,0.0,0.0,0.0,0.0,0.0,389362.1588753968,703036.4329197194,1002767.9996251373,1288997.1751443741,1562159.0786022812,1822683.31029835,2070993.6442567694,2307507.7355422257,2532636.8427199894,2746785.565798038,2950351.599947183,3143725.505252577,3327290.492706663,3501422.2266098564,3666488.6435010293,3822849.787695574,3970857.663464386,4110856.103842904,4243180.656015427,4368158.4831764605,4486108.282728138,4597340.220630724,4702155.881682317,4800848.235463984,4893701.617648067,4980991.726330301,5062985.633010927,5139941.8078161795,5212110.158519628,5279732.082892958,5343040.533887805,5402260.097124686,5457607.080141552,5509289.612833436,5557507.758495971,5602453.634869315,5644311.544565261,5683258.114249097,5719462.441939066,5753086.251780095,5784284.055644844,5813203.320913908,5839984.643788343,5864761.927491334,5887662.564721899,5908807.623731758,5928312.037407027,5946284.794748908,5962829.134162105,5978042.737976085,5992017.927642454,6004841.859071434,6016596.717591712,6027359.912040454,6037204.267514021,6046198.216334748,6054405.986814808,6061887.789424585,6130000.0
JustaTeeMusic,0.0,0.0,0.0,0.0,0.0,0.0,0.0,0.0,0.0,0.0,0.0,0.0,43699.163198091526,73349.06517423848,102456.65409276608,131028.84970882129,159072.54243292287,186594.59240963863,213601.82861062844,240101.04794228365,266099.01436818915,291602.45804662636,316618.07448332827,341152.52369969076,365212.4294166402,388804.3782543444,411934.91894795373,434610.5615795447,456837.77682643797,478622.9952260501,499972.6064574317,520892.95863963926,541390.3576470792,561471.0664419507,581141.3044239158,600407.2467971036,619275.0239545628,637750.7208802563,655840.3765686862,673549.9834622404,690885.4869063242,707852.7846223494,724457.7261986377,740706.1125992881,756603.6956910448,772156.1777882102,787369.2112156133,802248.3978896625,816799.2889174849,831027.3842141543,844938.1321379999,858536.9291439792,871829.1194550932,884819.9947518075,897514.7938794445,909918.7025734943,922036.85320279,933874.3245304826,945436.1414927468,956727.2749951317,967752.641726477,978517.1039902946,989025.4695535152,999282.491512488,1009292.8681761237,1019061.2429660448,1028592.2043336241,1037890.2856937628,1046959.9653752712,1055805.6665876934,1064431.7574044226,1072842.5507619358,1081042.304474985,1089035.221267556,1096825.4488194203,1104417.0798280847,1111814.152085945,1119020.6485724396,1126040.4975610003,1132877.5727405825,1139535.6933515614,1146018.6243357693,1152330.0765004454,1158473.7066958684,1164453.118006432,1170271.8599549239,1175933.4287197622,1181441.267364938,1186798.766082413,1192009.2624467139,1197076.041681463,1202002.3369375789,1206791.3295828865,1211446.149502858,1215969.875412218,1220365.5351771363,1224636.1061477296,1228784.5155005911,1232813.6405910728,1236726.3093150263,1240525.3004797287,1244213.344183697,1247793.1222051098,1251267.2683985475,1254638.3690997546,1257908.963538145,1261081.5442567489,1264158.5575393199,1267142.4038443044,1270035.4382453854,1272839.970878314,1275558.26739373,1278192.5494156939,1280744.9950056304,1283217.739131406,1285612.8741412482,1287932.4502422262,1290178.4759830069,1292352.9187406062,1294457.7052108573,1296494.721902317,1298465.8156333365,1300372.7940320226,1302217.4260388212,1304001.4424114523,1305726.5362319371,1307394.36341545,1309006.543220741,1310564.6587618699,1312070.2575210067,1313524.851862039,1314929.9195447545,1316286.9042393458,1317597.2160410092,1318862.2319843995,1320083.296557712,1321261.7222161677,1322398.7898946833,1323495.7495195037,1324553.8205185886,1325574.1923305495,1326558.0249119243,1327506.449242603,1328420.567829201,1329301.4552061977,1330150.158434654,1330967.69759833,1331755.0662970296,1332513.2321370023,1333243.1372182374,1333945.6986184942,1334621.8088739128,1335272.3364560546,1335898.1262452346,1350000.0
MCK // Nger,0.0,0.0,0.0,0.0,0.0,0.0,0.0,0.0,0.0,0.0,0.0,0.0,0.0,0.0,0.0,0.0,0.0,0.0,0.0,0.0,0.0,0.0,0.0,0.0,0.0,0.0,0.0,0.0,0.0,0.0,0.0,0.0,0.0,0.0,0.0,0.0,0.0,0.0,0.0,0.0,0.0,0.0,0.0,0.0,0.0,0.0,0.0,0.0,0.0,0.0,0.0,0.0,0.0,0.0,0.0,0.0,0.0,0.0,0.0,0.0,0.0,0.0,0.0,0.0,0.0,0.0,0.0,0.0,0.0,0.0,0.0,0.0,0.0,0.0,0.0,35584.70776346612,63087.89618622018,89690.50940425013,115413.32981559518,140276.96929897732,164301.86068633109,187508.24949603365,209916.18593326333,231545.51716352114,252415.87986495777,272546.6930647347,291957.15126423637,310666.21785752464,328692.6188469957,346054.8368597656,362771.10546786425,378859.40381487616,394337.4515512152,409222.70407976536,423532.3481131728,437283.2975436151,450492.18962542014,463175.3814704588,475348.94685577974,487028.67334251327,498230.059704624,508968.3136656551,519258.3499411794,529114.7885842388,538551.953630647,547583.872040613,556224.2729327492,564486.5871061395,572383.9468457598,579929.1860061875,587134.8403681738,594013.1482623214,600576.0514537828,606835.1962815803,612801.9350458604,618487.3276361148,623902.1433931337,629056.8631972165,633961.6817749382,638626.5102165538,643060.9786959373,647274.4393847773,651275.9695525928,655074.3748440021,658678.192724557,662095.6960863606,665334.8970046042,668403.5506361015,671309.1592508605,674058.9763877031,676660.0111249528,679119.0324572118,681442.5737692931,683636.9373984209,685708.1992758783,687662.2136393739,689504.6178074939,691240.8370077299,692876.0892497038,694415.3902353592,695863.5582980547,697225.219362666,698504.8119189959,699706.592000993,700834.6381644892,701892.8564563913,702884.9853684962,703814.6007693363,704685.1208077176,705499.8107818634,706261.7879683472,706974.0264052615,707639.3616243462,708260.4953270779,716000.0
MIN OFFICIAL,0.0,0.0,0.0,0.0,0.0,0.0,0.0,0.0,0.0,0.0,0.0,0.0,0.0,0.0,0.0,0.0,0.0,0.0,0.0,0.0,0.0,0.0,0.0,0.0,0.0,0.0,0.0,0.0,0.0,0.0,0.0,0.0,0.0,0.0,0.0,0.0,0.0,0.0,0.0,0.0,0.0,0.0,0.0,0.0,0.0,0.0,82061.71878376843,141765.65610874214,200036.05470960113,256897.02435532486,312372.5362872238,366486.4177702344,419262.3467598727,470723.84668714943,520894.2813636574,569796.8500089486,617454.5824022247,663890.3341602616,709126.782143395,753186.4199912905,796091.55379012,837864.297872657,878526.570752713,918100.0911952099,956606.3744230937,994066.7284621802,1030502.2506249095,1065933.8241338832,1100382.1148859456,1133867.5683574586,1166410.4066513074,1198030.6256860655,1228747.9925276327,1258582.0428635548,1287552.07862011,1315677.1657221504,1342976.131995561,1369467.5652121094,1395169.8112763166,1420100.9725539165,1444278.9063413092,1467721.2234753591,1490445.287082747,1512468.2114679907,1533806.861139154,1554477.849970153,1574497.540498469,1593882.0433569835,1612647.2168385503,1630808.6665918313,1648381.745446817,1665381.5533683787,1681822.937536101,1697720.492548558,1713088.5607501185,1727941.2326782793,1742292.3476294533,1756155.4943410512,1769544.0117876483,1782470.9900889245,1794949.2715270282,1806991.4516709344,1818609.8806053114,1829816.6642613548,1840623.6658469907,1851042.5073737947,1861084.5712779402,1870761.0021324225,1880082.7084477863,1889060.3645585303,1897704.4125923375,1906025.064519241,1914032.3042778212,1921735.8899754828,1929145.3561598675,1936270.0161584173,1943118.9644831058,1949701.0792973298,1956025.0249419655,1962099.2545175683,1967932.0125197123,1973531.337524462,1978905.064920971,1984060.8296882191,1989006.0692129147,1993748.0261455858,1998293.7512919325,2002650.1065365095,2006823.7677958445,2010821.2279981258,2014648.800086621,2018312.6200440223,2021818.6499349524,2025172.6809638974,2028380.3365458888,2031447.075387279,2034378.1945740217,2037178.8326649035,2039853.972787228,2042408.4457325072,2044846.933049766,2047173.9701341242,2049393.9493083777,2051511.1228953602,2053529.606278926,2055453.3809514605,2057286.2975458822,2059032.0788501736,2060694.3228025339,2062276.5054653224,2063781.9839760237,2065213.9994735343,2066575.679998139,2067870.0433636196,2090000.0
Mono Official,0.0,0.0,0.0,0.0,0.0,0.0,0.0,0.0,0.0,0.0,0.0,0.0,0.0,0.0,0.0,0.0,0.0,0.0,0.0,0.0,0.0,0.0,0.0,0.0,0.0,0.0,0.0,0.0,0.0,0.0,0.0,0.0,0.0,0.0,0.0,0.0,0.0,0.0,0.0,0.0,0.0,0.0,0.0,0.0,0.0,0.0,0.0,0.0,0.0,0.0,0.0,0.0,0.0,0.0,0.0,0.0,0.0,0.0,0.0,0.0,0.0,0.0,0.0,0.0,0.0,0.0,0.0,0.0,0.0,0.0,0.0,0.0,0.0,0.0,0.0,0.0,0.0,0.0,0.0,0.0,0.0,0.0,0.0,0.0,0.0,0.0,0.0,0.0,0.0,0.0,0.0,0.0,0.0,0.0,0.0,0.0,0.0,0.0,0.0,0.0,0.0,0.0,0.0,0.0,0.0,0.0,0.0,0.0,0.0,0.0,0.0,0.0,0.0,0.0,0.0,0.0,0.0,0.0,0.0,0.0,0.0,0.0,0.0,0.0,68757.60293143526,126081.42771419932,178540.11752388504,226435.01113700116,270059.36907555413,309697.6726126149,345624.99869033304,378106.4730604698,407396.80319387827,433739.89172967704,457368.53045772866,478504.1740602091,497356.7920902686,514124.79694856505,528995.0449418658,542142.9068814125,553732.4041109481,563916.4053527832,572836.8793314892,580625.1977838163,587402.4831939338,593279.9954072501,598359.5511744773,602733.9706593439,606487.545005916,609696.5192009495,612429.5846777324,614748.376383997,616707.9693700738,618357.3703361338,626000.0
My Tam,0.0,0.0,0.0,0.0,0.0,0.0,0.0,0.0,0.0,0.0,0.0,0.0,0.0,0.0,0.0,0.0,0.0,0.0,0.0,0.0,0.0,82951.01731997616,140267.79675273024,196465.6568894721,251559.84915686055,305565.55547325546,358497.8859429665,410371.87658917834,461202.4871262063,511004.5987717218,559793.0120995621,607582.4449337212,654387.5302840971,700222.8143245417,745102.7544137541,789041.7171595142,832053.97652675,874153.7119898993,915355.0067300013,955671.8458769416,995118.1147972344,1033707.5974277207,1071453.974655513,1108370.8227445234,1144471.6118088593,1179769.7043333587,1214278.3537415196,1248010.7030110378,1280979.7833371519,1313198.512843971,1344679.6953439272,1375436.0191454815,1405480.0559091659,1434824.2595520592,1463480.9652007106,1491462.3881925642,1518780.6231258553,1545447.6429579712,1571475.298152206,1596875.315872846,1621659.2992284729,1645838.7265633654,1669424.9507968426,1692429.1988103774,1714862.5708822815,1736736.0401697347,1758060.452237917,1778846.5246359764,1799104.8465195268,1818845.8783193815,1838079.9514561668,1856817.268100464,1875067.9009781072,1892841.7932202118,1910148.7582575376,1926998.4797587267,1943400.5116119497,1959364.2779494906,1974899.0732147573,1990014.0622711938,2004718.2805525644,2019020.6342540423,2032929.9005635313,2046454.7279326278,2059603.6363866117,2072385.0178728462,2084807.1366469415,2096878.1296960306,2108606.0071984837,2119998.6530193863,2131063.825241073,2141809.156728019,2152242.155725363,2162370.2064903304,2172200.569955811,2181740.384425347,2190996.666298756,2199976.3108276227,2208686.09289989,2217132.6678527375,2225322.5723129762,2233262.2250641445,2240957.927939501,2248415.866740105,2255642.1121771634,2262642.6208378216,2269423.2361735837,2275989.68951052,2282347.601080446,2288502.4810722345,2294459.7307024305,2300224.643304342,2305802.4054347672,2311198.097997533,2316416.697383019,2321463.0766228284,2326342.006558799,2331058.1570255198,2335616.09804554,2340020.3010364664,2344275.140029128,2348384.8928960217,2352353.7425892297,2356185.7783870297,2359884.9971484113,2363455.3045747285,2366900.516477717,2370224.3600531234,2373430.4751591985,2376522.415599311,2379503.650407959,2382377.5651394594,2385147.4631586005,2387816.5669325753,2390388.0193234943,2392864.8848808208,2395250.151133055,2397546.729878026,2399757.4584711543,2401885.101111063,2403932.3501219274,2405901.8272319734,2407796.084847537,2409617.607322121,2411368.812219902,2413052.051573139,2414669.6131329713,2416223.7216130947,2417716.539925818,2419150.170410032,2420526.656050624,2421847.981688886,2423116.075223499,2424332.8088016664,2450000.0
Noo Phước Thịnh,0.0,0.0,0.0,0.0,0.0,0.0,0.0,0.0,0.0,0.0,0.0,0.0,0.0,0.0,60792.45072153544,102206.66076288036,142852.61545930337,182740.25869717658,221879.49153183296,260280.1708266193,297952.1079135067,334905.06727561017,371148.76525195997,406692.86876485235,441546.994070107,475720.70553053275,509223.5144129085,542064.8777087611,574254.1969792219,605800.8172242248,636714.0257762991,667003.0512192033,696677.0623316267,725745.1670561811,754216.4114938846,782099.7789243388,809404.1888517773,836138.4960771583,862311.4897964575,887931.8927253111,913008.3602501351,937549.4796058506,961563.7690803164,985059.6772455681,1008045.5822159444,1030529.7909331728,1052520.5384784741,1074025.987411724,1095054.2271377128,1115613.273299517,1135711.067198991,1155355.4752443759,1174554.2884250046,1193315.221813071,1211645.9140924285,1229553.927114348,1247046.7454801835,1264131.7761508538,1280816.3480830516,1297107.7118920758,1313013.0395411716,1328539.424057248,1343693.879272834,1358483.3395941213,1372914.659794931,1386994.6148364304,1400729.8997124094,1414127.1293199314,1427192.8383551354,1439933.4812339838,1452355.4320377235,1464464.9844828174,1476268.3519151008,1487771.667327906,1498980.9834038797,1509902.2725802206,1520541.4271370454,1530904.259308592,1540996.501416948,1550823.8060279954,1560391.7461292476,1569705.8153292448,1578771.428078178,1587593.919909386,1596178.5477013781,1604530.489960022,1612654.8471205274,1620556.6418688532,1628240.8194821605,1635712.2481879191,1642975.7195412887,1650035.9488203628,1656897.5754388853,1663565.1633760298,1670043.2016228265,1676336.1046448299,1682448.2128605987,1688383.793135575,1694147.0392909285,1699742.0726269407,1705172.9424605004,1710443.626676269,1715558.0322910883,1720519.9960311854,1725333.2849217409,1730001.5968883776,1734528.5613701285,1738917.7399434438,1743172.6269567914,1747296.6501754127,1751293.1714357913,1755165.4873093895,1758916.829775218,1762550.3669007942,1766069.203531059,1769476.381984804,1772774.882758191,1775967.6252349152,1779057.4684025995,1782047.211574979,1784939.595119463,1787737.3011896503,1790442.9544623792,1793059.1228789033,1795588.3183897857,1798032.9977031013,1800395.5630355517,1802678.3628660992,1804883.692691725,1807013.7957849277,1809070.863952587,1811057.0382958117,1812974.4099704078,1814825.020947601,1816610.8647746614,1818333.8873350737,1819995.9876079147,1821599.0184260975,1823144.787233151,1824635.0568382135,1826071.5461689194,1827455.9310218722,1828789.8448104002,1830074.8793092964,1831312.5853962584,1832504.4737897457,1833652.0157829777,1834756.6439738155,1835819.752990258,1836842.7002113126,1837826.806482991,1838773.3568291967,1839683.6011572827,1840558.754958053,1860000.0
Phan Mạnh Quỳnh Official,0.0,0.0,0.0,0.0,0.0,0.0,0.0,0.0,0.0,0.0,0.0,0.0,0.0,0.0,0.0,0.0,0.0,0.0,0.0,53281.02881730534,89947.30898329236,125908.35068433071,161173.62306878393,195752.55283372893,229654.5228342186,262888.87071548635,295464.887568477,327391.8166090773,358678.851881408,389335.13698552834,419369.7638298884,448791.77140885533,477610.14460562693,505833.81302082894,533471.6498270858,560532.4706498364,587025.0324746557,612958.0325813269,638340.1075049004,663179.832023956,687485.7181762741,711266.2143021094,734529.7041152419,757284.5058019699,779538.871148196,801300.9846947343,822578.9629209691,843380.8534569636,863714.6343241117,883588.2132044142,903009.4267384373,921986.0398520039,940525.7451116546,958636.1621088893,976324.8368732068,993599.2413139201,1010466.7726907351,1026934.7531130476,1043010.4290679072,1058700.9709765858,1074013.4727796665,1088954.9515505608,1103532.347137343,1117752.5218327832,1131622.2600724455,1145148.2681606922,1158337.174024446,1171195.5269945208,1183729.7976143477,1195946.3774758785,1207851.5790824662,1219451.63573849,1230752.701465487,1241760.8509445419,1252482.0794846686,1262922.3030169157,1273087.3581139045,1282983.0020345072,1292614.912793358,1301988.6892548765,1311109.8512514788,1319983.8397256364,1328616.0168954374,1337011.6664432879,1345175.9937273934,1353114.1260156424,1360831.1127415055,1368331.925781564,1375621.4597542642,1382704.532339491,1389585.8846185443,1396270.181434102,1402762.011769735,1409065.889148544,1415186.2520504768,1421127.4643478775,1426893.8157588234,1432489.522317785,1437918.7268631558,1443185.4995411832,1448293.8383258332,1453247.6695541197,1458050.8484764185,1462707.1598212926,1467220.3183743479,1471593.9695706351,1475831.690100119,1479936.9885257243,1483913.305913478,1487764.0164742575,1491492.4282166602,1495101.783610507,1498595.2602604947,1501975.9715895122,1505246.967531133,1508411.2352308072,1511471.6997552672,1514431.2248096706,1517292.6134620039,1520058.6088742726,1522731.895040009,1525315.09752763,1527810.7842291782,1530221.4661139944,1532549.5979868586,1534797.5792501527,1536967.7546696,1539062.4151431387,1541083.798472495,1543034.0901370244,1544915.424069402,1546729.8834327378,1548479.5013987087,1550166.2619263043,1551792.100540782,1553358.9051124468,1554868.516634866,1556322.7300021476,1557723.2947849056,1559071.9160045576,1560370.254905596,1561619.9297254884,1562822.5164618706,1563979.5496366993,1565092.5230570445,1566162.8905722122,1567192.0668268863,1568181.4280100001,1569132.312599047,1570046.0220995534,1570923.8217794448,1571766.9413980441,1572576.5759294522,1573353.8862800652,1590000.0
Pháo Northside,0.0,0.0,0.0,0.0,0.0,0.0,0.0,0.0,0.0,0.0,0.0,0.0,0.0,0.0,0.0,0.0,0.0,0.0,0.0,0.0,0.0,0.0,0.0,0.0,0.0,0.0,0.0,0.0,0.0,0.0,0.0,0.0,0.0,0.0,0.0,0.0,0.0,0.0,0.0,0.0,0.0,0.0,0.0,0.0,0.0,0.0,0.0,0.0,0.0,0.0,0.0,0.0,0.0,0.0,0.0,0.0,0.0,0.0,0.0,0.0,0.0,0.0,0.0,0.0,0.0,0.0,0.0,0.0,0.0,0.0,0.0,0.0,0.0,0.0,0.0,0.0,0.0,0.0,0.0,0.0,0.0,0.0,0.0,0.0,0.0,0.0,0.0,0.0,0.0,0.0,0.0,0.0,0.0,0.0,0.0,0.0,28646.383956411737,51724.21390649159,73776.24271304028,94834.86557750615,114932.09534251693,134099.5388164039,152368.3741533121,169769.32931966457,186332.66167483118,202088.13869085076,217065.01983298195,231292.03961972464,244797.3918777659,257608.71520408566,269753.07964420295,281256.9745922845,292146.29791556904,302446.34630230826,312181.8068291937,321376.7497410414,330054.6224323638,338238.24461736646,345949.8046718964,353210.85712793755,360042.3212984141,366464.48100733536,372496.9853977044,378158.8507871283,383468.4635387198,388443.5839126793,393101.3508618924,397458.2877329908,401530.3088326003,405332.7268169461,408880.2608616122,412187.04556705727,415266.6405544752,418132.04070576554,420795.6870007372,423269.4779042125,425564.7812554363,427692.44661209994,429662.8180013936,431485.74703076534,433170.6063115133,434726.30314894335,436161.29345360014,437483.59582899796,438700.80579235055,439820.11008600565,440848.301038621,441791.7909365769,442656.62636767735,443448.5025008556,444172.77726734476,444834.485410599,445438.35237414006,445988.80799844826,451000.0
Phương Mỹ Chi,0.0,0.0,0.0,0.0,0.0,0.0,0.0,0.0,0.0,0.0,0.0,0.0,0.0,0.0,0.0,0.0,0.0,0.0,0.0,0.0,0.0,0.0,0.0,21418.87799420215,36279.15920167514,50844.937896259646,65120.2901072458,79109.27297415257,92815.92411214129,106244.2609882555,119398.28030867258,132281.95741714866,144899.24570483007,157254.0760316,169350.35615912353,181191.97019574468,192782.7780533878,204126.61491660425,215227.29072390203,226088.58966148787,236714.26966954596,247108.0619611682,257273.67055404722,267214.771815035,276935.0140176612,286438.0169127022,295727.3713118817,304806.6386847777,313679.35076900304,322349.0091937217,330819.0851165515,339093.0188739021,347174.21964478475,355066.06512812764,362771.901233619,370295.041786098,377638.7682434996,384806.3294283609,391800.94127287995,398625.7865775185,405284.01478312927,411778.7417565805,418113.04958984704,424289.98641252745,430312.5662177381,436183.76870133425,441906.53911439434,447483.7881289015,452918.3917165478,458213.1910405811,463370.9923606055,468394.56695024413,473286.6510275619,478049.94569814275,482687.1169107087,487200.7954251631,491593.5767929308,495868.0213494676,500026.6542188018,504071.96532996517,508006.40944516764,511832.4061995627,515552.3401524456,519168.5608497208,522683.3828974735,526099.0860464697,529417.9152874108,532642.0809567581,535773.758852945,538815.0903627836,541768.1825978755,544635.1085408252,547417.9072010573,550118.5837800341,552739.1098456614,555281.4235156759,557747.4296497965,560139.0000504265,562457.9736716828,564706.1568365355,566885.3234618297,568997.2152909647,571043.5421340059,573025.9821149941,574946.1819262273,576805.7570892784,578606.2922225175,580349.3413149052,582036.4280058189,583669.0458706808,585248.6587121483,586776.700856632,588254.5774559054,589683.6647935708,591065.3105961435,592400.8343485225,593691.5276136111,594938.6543558541,596143.4512684603,597307.1281040774,598430.8680086914,599515.8278585193,600563.1385996712,601573.9055903554,602549.2089454032,603490.1038828942,604397.6210726615,605272.766986463,606116.5242496034,606929.8519937963,607713.6862110597,608468.9401084378,609196.5044633489,609897.2479793592,610572.0176421875,611221.6390757479,611846.9168980436,612448.6350767242,613027.5572841271,613584.4272516237,614119.969123099,614634.8878073911,615129.8693295293,615605.5811806049,616062.6726661194,616501.7752526568,616923.5029127289,617328.4524676523,617717.2039283123,618090.3208336814,618448.3505869582,618791.8247892021,619121.2595703372,619437.1559174127,626000.0
Sơn Tùng M-TP Official,0.0,0.0,0.0,0.0,0.0,0.0,0.0,0.0,0.0,0.0,0.0,0.0,0.0,0.0,0.0,0.0,0.0,0.0,0.0,0.0,0.0,0.0,0.0,0.0,0.0,0.0,0.0,0.0,0.0,0.0,0.0,0.0,0.0,0.0,0.0,410039.4298367892,701623.5427294968,986849.7727453437,1265815.0726472107,1538615.8953784176,1805348.1758864056,2066107.313291919,2320988.1534101176,2570084.9716297598,2813491.4561564215,3051300.6916254563,3283605.143090153,3510496.6403903337,3732066.362906355,3948404.82470325,4159601.8600694886,4365746.609454548,4566927.505809284,4763232.261332781,4954747.854629083,5141560.518277029,5323755.726816009,5501418.185150317,5674631.817374413,5843479.756021178,6008044.33173497,6168407.0633709645,6324648.648522065,6476848.954474317,6625087.009591529,6769440.995129516,6909988.237480068,7046805.200844564,7179967.4803367425,7309549.795514003,7435625.984336219,7558268.997550893,7677550.893503088,7793542.83336842,7906315.076807056,8015936.978036431,8122476.982320127,8226002.62287013,8326580.518159396,8424276.369641408,8519154.959873226,8611280.15103818,8700714.883864235,8787521.176933767,8871760.126380254,8953491.905967193,9032775.767544363,9109670.041876245,9184232.139837354,9256518.553968878,9326584.860390972,9394485.721064761,9460274.886398003,9524005.198188104,9585728.59289614,9645496.105245207,9703357.87213645,9759363.136875834,9813560.253704647,9865996.69262659,9916719.044524174,9965773.026557013,10013203.487834526,10059054.415355446,10103368.940206388,10146189.344011776,10187557.065627152,10227512.708068028,10266096.045666214,10303346.031445585,10339300.804709196,10373997.698829576,10407473.249234032,10439763.201576762,10470902.520089554,10500925.396102844,10529865.256728893,10557754.773698872,10584625.87234563,10610509.740723964,10635436.838860203,10659436.908123022,10682538.98070734,10704771.38922332,10726161.776382454,10746737.10477281,10766523.666715628,10785547.094195437,10803832.368856046,10821403.83205478,10838285.194967434,10854499.548736567,10870069.374655811,10885016.55438298,10899362.380174933,10913127.56513719,10926332.2534815,10938996.030784613,10951137.934241742,10962776.46290821,10973929.587923046,10984614.762708358,10994848.933138486,11004648.547673095,11014029.567448523,11023007.476321839,11031597.290862266,11039813.570284728,11047670.426320514,11055181.533020163,11062360.136483876,11069219.064514913,11075770.736191617,11082027.171353878,11200000.0
Trúc Nhân,0.0,0.0,0.0,0.0,0.0,0.0,0.0,0.0,0.0,0.0,0.0,0.0,0.0,0.0,0.0,59448.782610847215,100029.45798681804,139851.9523139342,178926.150258846,217261.89357549752,254868.97973332438,291757.1605673565,327936.14095058275,363415.5774889287,398205.0772391832,432314.1964502034,465752.43932771374,498529.2568230039,530654.0454458193,562136.1461017274,592984.8429542284,623209.3623118723,652818.8715406257,681822.4780017242,710229.2280152355,738048.1058495361,765288.032736911,791957.865915448,818066.3976974104,843622.3545642421,868634.3962883522,893111.1150818164,917061.034772115,940492.6100050126,963414.2254746828,985834.1951811506,1007760.7617151301,1029202.095570309,1050166.2944831236,1070661.3828000596,1090695.3108724847,1110275.9544790303,1129411.114275506,1148108.5152723228,1166375.806339399,1184220.559738493,1201650.270682907,1218672.356924487,1235294.1583678345,1251522.936711632,1267365.8751169695,1282830.0779025524,1297922.5702666538,1312650.2980356629,1327020.1274390763,1341038.8449107509,1354713.1569162484,1368049.6898060685,1381054.989694569,1393735.5223643559,1406097.6731959165,1418147.7471222586,1429891.9686083046,1441336.481654783,1452487.3498263506,1463350.5563036604,1473932.0039590949,1484237.5154558583,1494272.8333701259,1504043.6203359333,1513555.4592124776,1522813.853273501,1531824.2264184118,1540591.9234047974,1549122.2101019653,1557420.2737651526,1565491.2233300337,1573340.0897271393,1580971.8262158132,1588391.3087372999,1595603.3362865853,1602612.6313025674,1609423.8400761643,1616041.5331759336,1622470.205890797,1628714.2786894361,1634778.097695939,1640665.9351812669,1646381.9900701023,1651930.3884626473,1657315.1841709265,1662540.3592691533,1667609.8246577163,1672527.4206403377,1677296.917513951,1681922.016170857,1686406.3487126958,1690753.4790757948,1694966.9036674278,1699050.0520125476,1703006.2874105247,1706838.9076014543,1710551.1454415708,1714146.169587327,1717627.0851876854,1720996.934584179,1724258.6980182927,1727415.2943457263,1730469.5817571003,1733424.3585046644,1736282.3636345768,1739046.277724323,1741718.7236248492,1744302.267206985,1746799.4181117376,1749212.6305040414,1751544.3038295584,1753796.7835741146,1755972.3620253808,1758073.279036401,1760101.7227905735,1762059.8305677085,1763949.6895107785,1765773.3373929923,1767532.7633848256,1769229.9088206484,1770866.6679645982,1772444.8887753503,1773966.3736694471,1775432.880282854,1776846.1222304162,1778207.7698628993,1779519.4510213009,1780782.751788132,1781999.2172353729,1783170.352168814,1784297.6218685,1785382.4528250117,1786426.2334713114,1787430.3149099047,1788396.011635063,1789324.6022498715,1790217.3301778662,1791075.4043690402,1810000.0
Vũ Cát Tường,15694.07750601825,26090.674948021322,36311.86257571892,46359.70287315979,56236.2503209183,65943.55116157152,75483.64316851921,84858.55541819627,94070.3080657277,103120.91212407357,112012.36924671044,120746.6715138947,129325.80122255081,137751.73067982812,146026.42200036603,154151.8269073075,162129.88653709856,169962.5312481114,177651.6804331243,185199.24233569423,192607.11387045204,199877.18044735203,207011.3157999048,214011.38181741955,220879.2283812839,227616.69320530278,234225.60168012182,240707.76672175367,247064.98862422892,253299.0549163879,259411.7402228303,265404.8061290374,271280.0010506794,277039.060107119,282683.70499912224,288215.64389078255,293636.57129566674,298948.16796718584,304152.10079319525,309250.02269482514,314243.5725295405,319134.37499843107,323924.0405577251,328614.16533452395,333206.3310467503,337702.104927302,342103.03965240164,346410.6732741303,350626.5291571327,354752.1159194803,358788.927377674,362738.44249577157,366602.1253386187,370381.42502916395,374077.7757098356,377692.5965079564,381227.2915051714,384683.2497108625,388061.8450395223,391364.436292056,394592.3671409835,397746.96611950785,400829.5466144164,403841.40686278156,406783.82995242404,409658.0838261009,412465.4212893813,415207.0800221689,417884.2825938316,420498.23648189346,423050.1340942502,425541.15279485914,427972.4549328614,430345.18787508924,432660.4840419094,434919.4609463567,437123.22123650584,439272.8527410324,441369.4285179117,443414.0069062032,445407.63158086705,447351.3316105593,449246.1215183515,451093.00134531886,452892.95671694155,454646.9589122615,456355.96493573865,458020.917591747,459642.7455616549,461222.36348342645,462760.6720336886,464258.558012201,465716.8944286698,467136.5405918443,468518.34220083465,469863.13143859,471171.72706747515,472444.93452688307,473683.5460328223,474888.34067941527,476060.0845422466,477199.53078349825,478307.4197588074,479384.47912578704,480431.42395414395,481448.9568373333,482437.76800568553,483398.5354409447,484331.92499215464,485238.5904928308,486119.17387935653,486974.3053105416,487804.6032882806,488610.67477925145,489393.11533759173,490152.5092284936,490889.42955265584,491604.4383715337,492298.0868333284,492970.91529965505,493623.4534728332,494256.2205237405,494869.7252201728,495464.4660556541,496040.9313786406,496599.599522062,497140.93893314793,497665.40830348193,498173.4566992333,498665.52369151136,499142.03948679107,499603.4250573603,500050.0922717354,500482.4440249989,500900.874369008,501305.7686424274,501697.5036005387,502076.4475447816,502442.96045197913,502797.39410320524,503140.09221225,503471.3905536399,503791.61709017184,504101.0920999207,504400.1283026801,504689.03098579874,504968.09812937287,505237.62053076073,505497.8819283808,505749.1591247611,505991.72210880474,506225.8341772393,506451.75205521914,506669.72601604904,512000.0
Vũ Official,0.0,0.0,0.0,0.0,0.0,0.0,0.0,0.0,0.0,0.0,0.0,0.0,0.0,0.0,0.0,0.0,0.0,0.0,0.0,0.0,0.0,0.0,42884.32284219936,72576.57881466785,101684.82469788418,130217.0816611579,158181.33401165184,185585.52796385248,212437.5704298553,238745.32783082113,264516.6249299477,289759.2436872906,314480.92213675415,338689.35328556574,362392.1840365279,385597.0141333384,408311.39512925054,430542.8293793357,452298.769056599,473586.6151921834,494413.7167398877,514787.3696652059,534714.8160590926,554203.2432766326,573259.7831007908,591891.5109313972,610105.4449995168,627908.5456073302,645307.7143936475,662309.7936251566,678921.5655134979,695149.7515582434,711001.0119158409,726481.9447945751,741599.0858755822,756358.9077599361,770767.8194418191,784832.1658077715,798558.2271619977,811952.2187777031,825020.2904744074,837768.5262211856,850202.9437657535,862329.494289323,874154.0620871163,885682.4642744405,896920.4505181853,907873.7027936162,918547.8351663074,928948.393599053,939080.8557835852,948950.6309969049,958563.059982035,967923.4148529782,977036.8990236633,985908.6471606381,994543.725159275,1002947.130143224,1011123.7904868517,1019078.5658603894,1026816.2472975018,1034341.5572849786,1041659.1498742473,1048773.610814383,1055689.4577063003,1062411.1401777826,1068943.040079015,1075289.4716982644,1081454.6819973525,1087442.85086655,1093258.0913985237,1098904.4501809515,1104385.9076074203,1109706.3782062118,1114869.7109865777,1119879.6898020946,1124740.033730693,1129454.3974709415,1134026.371754165,1138459.4837719707,1142757.1976187578,1146922.914748771,1150959.974447267,1154871.654315351,1158661.1707680456,1162331.6795451425,1165886.276234394,1169327.9968065992,1172659.8181621279,1175884.6586884412,1179005.378828153,1182024.7816571812,1184945.6134725427,1187770.5643893357,1190502.268946465,1193143.3067206594,1195696.2029483335,1198163.429154852,1200547.4037907477,1202850.4928744608,1205075.0106411497,1207223.2201971507,1209297.3341796447,1211299.515421107,1213231.877618116,1215096.4860040979,1216895.3580255932,1218630.464021632,1220303.7279058136,1221917.0278506863,1223472.1969740337,1224971.0240266747,1226415.2540813957,1227806.5892226326,1229146.6892365348,1230437.1723010386,1231679.6156756007,1232875.5563902282,1234026.4919334692,1235133.8809390212,1236199.1438706263,1237223.663704931,1238208.7866119966,1239155.8226331477,1240066.046355865,1240940.697585423,1241780.9820129953,1242588.0718799473,1243363.1066380516,1244107.1936053638,1244821.4086175116,1245506.796674151,1246164.3725803592,1246795.1215827363,1260000.0
Wowy,0.0,37866.12206210992,63000.35353099863,87707.765190621,111993.40867219045,135862.31586420946,159319.49833072152,182369.94673791341,205018.6302891965,227270.49616888832,249130.4689946164,270603.4502785609,291694.3178976479,312407.9255728049,332749.1023573833,352722.65213485266,372333.3531258631,391585.9574047716,410485.190425727,429035.7505583956,447242.30863341765,465109.5074976701,482641.9615794141,499844.2564633982,516720.94847598765,533276.5642803825,549515.600481984,565442.5232439693,581061.7679131222,596377.7386559717,611394.8081052809,626117.3170169252,640549.5739372004,654695.8548805855,668560.4030179944,682147.4283755355,695461.1075438024,708505.5833977064,721284.9648268675,733803.3264765654,746064.7084992582,758073.1163166636,769832.5203923999,781346.8560151765,792620.0230925196,803655.8859550179,814458.2731710627,825030.9773720613,835377.7550880904,845502.3265939582,855408.3757656357,865099.5499470184,874579.4598269695,883851.6793265992,892919.7454967237,901787.1584254496,910457.3811558223,918933.8396134739,927219.9225442021,935318.9814614131,943234.3306033459,950969.2469000075,958526.9699497317,965910.7020052794,973123.6079693891,980168.8153996902,987049.4145228791,993768.4582580635,1000328.9622491733,1006733.9049063317,1012986.2274560832,1019088.8340003651,1025044.5915841128,1030856.3302713801,1036526.8432298605,1042058.8868236857,1047455.1807143801,1052718.4079698438,1057851.2151812403,1062856.2125876544,1067735.9742083896,1072493.037982773,1077129.9059173295,1081649.0442401841,1086052.8835625616,1090343.8190472291,1094524.2105837504,1098596.382970399,1102562.6261025858,1106425.1951676563,1110186.310845904,1113848.1595176526,1117412.893476254,1120882.6311468526,1124259.457310757,1127545.423335272,1130742.5474088297,1133852.8147812681,1136878.1780091,1139820.557205613,1142681.8402956496,1145463.8832749026,1148168.5104735747,1150797.5148242405,1153352.658133754,1155835.6713590473,1158248.2548866575,1160592.0788158278,1162868.7832450266,1165079.9785617245,1167227.2457352781,1169312.1366127594,1171336.1742175815,1173300.853050761,1175207.6393946677,1177057.971619109,1178853.260489594,1180594.8894776313,1182284.215072907,1183922.567097198,1185511.2490198717,1187051.5382748272,1188544.6865787343,1189991.9202504256,1191394.440531303,1192753.4239066169,1194070.0224274814,1195345.364033489,1196580.5528757886,1197776.6696404975,1198934.7718723137,1200055.8942981998,1201141.049151014,1202191.2264929612,1203207.3945387402,1204190.499978272,1205141.4682988822,1206061.20410683,1206950.5914480635,1207810.4941280913,1208641.7560308643,1209445.2014365548,1210221.6353381325,1210971.8437566347,1211696.5940550289,1212396.6352505726,1213072.6983255735,1213725.4965364602,1214355.7257210724,1214964.0646040798,1215551.175100453,1216117.7026168967,1216664.2763511688,1217191.5095892088,1230000.0
tlinh,0.0,0.0,0.0,0.0,0.0,0.0,0.0,0.0,0.0,0.0,0.0,0.0,0.0,0.0,0.0,0.0,0.0,0.0,0.0,0.0,0.0,0.0,0.0,0.0,0.0,0.0,0.0,0.0,0.0,0.0,0.0,0.0,0.0,0.0,0.0,0.0,0.0,0.0,0.0,0.0,0.0,0.0,0.0,0.0,0.0,0.0,0.0,0.0,0.0,0.0,0.0,0.0,0.0,0.0,0.0,0.0,0.0,0.0,0.0,0.0,0.0,0.0,0.0,0.0,0.0,0.0,0.0,0.0,0.0,0.0,0.0,0.0,0.0,0.0,0.0,0.0,0.0,0.0,0.0,0.0,0.0,32826.91312094502,58511.43800255501,83286.50515483304,107174.8517765398,130199.01057382056,152381.2989326991,173743.80845546318,194308.39487034932,214096.66832329938,233129.98405990904,251429.43350502258,269015.835746743,285909.7294309373,302131.3650716086,317700.6977817931,332637.3804289196,346960.75721784297,360689.85770402383,373843.3912386054,386439.7418463916,398496.9635370029,410032.77604875836,421064.5610240975,431609.35861464724,441683.86451331974,451304.42741013074,460487.0468677363,469247.3716120127,477600.69823233935,485561.970285609,493145.77779735345,500366.3571527764,507237.59136989916,513773.01074645837,519985.79387166665,525888.7689934274,531494.4157311163,536814.8671235786,541861.9120015693,546646.9976734582,551181.2329126574,555475.3912348901,559539.9144531131,563384.916497634,567020.1874887234,570455.1980488134,573699.1038412023,576760.7503220433,579648.6776922869,582371.1260361767,584936.0406328527,587351.0774276102,589623.608649388,591760.7285611128,593769.2593296142,595655.7570019449,597426.517575082,599087.5831461666,600644.7481306363,602103.5655358396,603469.3532779722,604747.2005304538,605941.9740921714,607058.3247643263,608100.6937249798,609073.3188907382,609980.2412554102,610825.311195853,611612.1947356359,612344.379757569,613025.1821565768,613657.7519248306,614245.079161509,621000.0
Đen Vâu Official,0.0,0.0,0.0,0.0,0.0,0.0,0.0,0.0,0.0,0.0,0.0,0.0,0.0,0.0,0.0,0.0,0.0,0.0,0.0,0.0,0.0,0.0,0.0,0.0,0.0,0.0,0.0,0.0,0.0,0.0,0.0,0.0,0.0,0.0,0.0,0.0,0.0,0.0,189782.54368904285,325580.1970585042,458340.72570681496,588111.6527044938,714940.2490552407,838873.5243365802,959958.2175236437,1078240.7879995413,1193767.40675566,1306583.9477850893,1416735.9796722499,1524268.7573816595,1629227.214248639,1731655.954174632,1831599.244029647,1929101.006264223,2024204.8117331401,2116953.872732985,2207391.036255503,2295558.77745855,2381499.1933562784,2465253.99673007,2546864.510261552,2626371.6608888973,2703815.974387438,2779237.570175514,2852676.1563462354,2924171.024925792,2993761.047358705,3061484.670220304,3127379.9111565314,3191484.355051071,3253835.1504195645,3314469.0060306187,3373422.187753083,3430730.5156289525,3486429.3611711296,3540553.644885062,3593137.8340132064,3644215.940501057,3693821.519183373,3741987.666189084,3788747.0175632145,3834131.7481040247,3878173.570413442,3920903.7341587166,3962353.025543099,4002551.766983225,4041529.8169907485,4079316.5702556674,4115940.9579286226,4151431.4480994064,4185816.0464687166,4219122.297210161,4251377.284019359,4282607.631346911,4312839.505811896,4342098.617792469,4370410.2231900375,4397799.125363394,4424289.677229131,4449905.783524554,4474670.903229246,4498608.052141356,4521739.805604651,4544088.3013822455,4565675.242672942,4586521.901265978,4606649.120830012,4626077.32033205,4644826.4975820575,4662916.232898877,4680365.692893136,4697193.634362705,4713418.4082963215,4729057.96398093,4744129.853208294,4758651.234576413,4772638.877881295,4786109.168594593,4799078.11242268,4811561.339942658,4823574.111310911,4835131.3210397195,4846247.50283757,4856936.834508758,4867213.142907916,4877089.9089451665,4886580.272637582,4895697.038202728,4904452.679190051,4912859.343645982,4920928.859308613,4928672.738827912,4936102.185007451,4943228.096063727,4950061.070899175,4956611.414385071,4962889.14265057,4968903.988374206,4974665.40607425,4980182.577394401,4985464.416381356,4990519.574750898,4995356.447139203,4999983.1763361795,5004407.658497716,5008637.548333802,5012680.264269596,5016542.99357658,5020232.697471056,5023756.116177303,5027119.773952843,5030329.984073323,5033392.853774646,5036314.289150057,5090000.0
ĐÔNG NHI,0.0,0.0,0.0,0.0,0.0,0.0,0.0,0.0,0.0,0.0,0.0,0.0,0.0,0.0,0.0,0.0,0.0,0.0,0.0,0.0,0.0,0.0,0.0,0.0,0.0,0.0,0.0,0.0,0.0,0.0,0.0,0.0,0.0,0.0,0.0,0.0,0.0,0.0,0.0,0.0,0.0,0.0,0.0,0.0,0.0,0.0,0.0,0.0,0.0,0.0,0.0,0.0,0.0,0.0,0.0,0.0,0.0,0.0,0.0,0.0,0.0,0.0,0.0,0.0,0.0,0.0,0.0,0.0,0.0,0.0,0.0,0.0,0.0,0.0,0.0,0.0,0.0,0.0,0.0,0.0,0.0,0.0,0.0,0.0,0.0,0.0,0.0,0.0,0.0,0.0,0.0,0.0,0.0,0.0,0.0,0.0,0.0,0.0,37381.48046301988,67606.1040443439,96439.91292529939,123928.42601856083,150116.60188352544,175048.80324148378,198768.7631442721,221319.5528453439,242743.55141730237,263082.4171548867,282377.0607972488,300667.62059808697,317993.4392668642,334393.0427989289,349904.12120692106,364563.51116038277,378407.18053504685,391470.2148678514,403786.80570836033,415390.2408519707,426312.8964350879,436586.23086736695,446240.7805711672,455306.15749359055,463811.0483518576,471783.21556837077,479249.49984762206,486235.82434313797,492767.2003589448,498867.7345265907,504560.637395583,509868.2333722183,514811.9719391924,519412.44008609414,523689.3758789209,527661.6830950964,531347.4468491422,534763.9501331451,537927.6911954718,540854.4016808153,543559.0654546057,546055.9380350726,548358.5665568095,550479.8101905432,552431.8609449518,554226.2647777814,555873.9429451848,557385.2135201158,558769.8130127559,560036.9180283028,561195.1668999986,562252.6812380007,563217.0873375757,564095.537393119,564894.7304676339,565620.933170542,572000.0
